ID,Company,Year,NUM_OF_EMPLOYEES,NET_ASSETS,NET_INCOME,SALES_REV_TURN,HISTORICAL_MARKET_CAP,ESG_DISCLOSURE_SCORE,GOVNCE_DISCLOSURE_SCORE,ENVIRON_DISCLOSURE_SCORE,SOCIAL_DISCLOSURE_SCORE,TOT_GHG_CO2_EM_INTENS_PER_SALES,PCT_WOMEN_EMPLOYEES,PCT_WOMEN_ON_BOARD,ROBECOSAM_TOTAL_STBLY_RANK,ROBECOSAM_SOCIAL_DIMENSION_RANK,ROBECOSAM_ENV_DIMENSION_RANK,ROBECOSAM_ECON_DIMENSION_RANK,Twitter_Username,followers_countÿ,friends_countÿ ,created_at,Tweets,Likes,Retweets,Images,Proportion relevant,likes per relevant,retweets per relevant,FB Posts,Likes,Shares,FB Images,FB Proportion relevant,FB likes per relevant,FB shares per relevant
1,GM US EQUITY,2016,225000,44075,9427,149184,52260,57.8512,71.4286,51.938,57.8947,52.3025,18.2,45.454,73,62,65,88,@GM,690296,6296,39420.86352,44.25,120.89,43.73,91.90207156,2.448210923,74.84615385,20.66666667,21.91666667,627.21673,123.3992395,93.91634981,1.520912548,611.25,72.75
1,GM US EQUITY,2017,180000,36200,-3864,145588,57386,60.7438,71.4286,57.3643,57.8947,44.1413,20.7,50,85,81,77,92,@GM,690296,6296,39420.86352,94.67,32.42,10.38,32.92253521,1.496478873,53.70588235,19.88235294,20.41666667,467.1836735,79.06122449,79.18367347,4.489795918,281.5454545,32.72727273
1,GM US EQUITY,2018,173000,42777,8014,147049,46830,57.8512,71.4286,49.6124,63.1579,41.2618,21.4,50,96,77,88,96,@GM,690296,6296,39420.86352,105.25,27.16,7.08,20.82343626,1.187648456,72.86666667,20.06666667,15.16666667,273.6813187,55.54945055,68.13186813,3.846153846,187.2857143,36.28571429
2,BAC US EQUITY,2016,208000,266195,17822,93662,222163.0258,66.2281,85.7143,61.6071,56.6667,11.2828,51,28.571,82,81,92,65,@BankofAmerica,523451,660,40470.7288,40.67,42.89,17.77,58.81147541,0.2049,23,16,44.25,1082.758945,129.4538606,64.59510358,0.376647834,116,13.5
2,BAC US EQUITY,2017,209376,267146,18232,100264,303681.1678,66.2281,85.7143,61.6071,56.6667,9.1593,51,33.333,87,80,94,87,@BankofAmerica,523451,660,40470.7288,33.25,83.34,21.64,49.12280702,0.250626566,73,13,41.41666667,785.1549296,127.2736419,57.14285714,0.60362173,556,187
2,BAC US EQUITY,2018,204000,265325,28147,110584,238251.2162,64.0351,85.7143,57.1429,56.6667,7.9244,50,31.25,84,79,84,86,@BankofAmerica,523451,660,40470.7288,26.42,59.26,12.15,54.88958991,0,0,0,41.58333333,222.5711423,21.51703407,38.27655311,0.200400802,93,8
3,C US EQUITY,2016,219000,226143,14912,83309,164763.2476,54.386,75,49.1071,45,9.4654,51,31.25,92,95,92,83,@Citi,912750,327,40088.98965,90.42,98.71,31.93,22.67281106,0.737327189,141,64.25,6.916666667,46509.54217,392.5180723,32.53012048,4.819277108,33956,228.5
3,C US EQUITY,2017,209000,201672,-6798,88962,191226.8948,53.9474,75,50.8929,40,8.1085,51,31.25,87,82,91,84,@Citi,912750,327,40088.98965,102.75,223.92,37.77,49.39172749,0.811030008,16.6,8.6,8.583333333,38847.32039,284.0485437,29.12621359,2.912621359,116657.6667,210.3333333
3,C US EQUITY,2018,204000,197074,18045,97120,123302.392,56.5789,75,50.8929,50,6.7715,51,29.412,78,78,85,75,@Citi,912750,327,40088.98965,89.75,294.29,32.28,62.85979573,2.135561746,482.4347826,93.73913043,9.333333333,12933.67857,102.8839286,24.10714286,4.464285714,3664.6,80.8
4,MMM US EQUITY,2016,91584,10343,5050,30109,106557.4115,54.5455,69.6429,50.3876,49.1228,198.6117,34.8,16.667,93,86,89,93,@3M,1440507,4923,40808.84189,230.58,22.42,8.74,32.05637875,0.614383809,32.88235294,15.29411765,20.58333333,353.8744939,39.68825911,63.96761134,0.809716599,25.5,3
4,MMM US EQUITY,2017,91536,11622,4858,31657,140017.9029,55.7851,69.6429,52.7132,49.1228,184.4774,34.7,25,84,84,88,84,@3M,1440507,4923,40808.84189,124.75,15.03,4.58,16.9004676,0.46760187,38.42857143,16.71428571,9,358.8796296,42.13888889,39.81481481,1.851851852,43,4.5
4,MMM US EQUITY,2018,93000,9848,5349,32765,109860.6325,57.8512,69.6429,56.5891,49.1228,202.9605,35.4,30.769,88,88,85,88,@3M,1440507,4923,40808.84189,115,10.91,2.82,15.43478261,0.434782609,40.5,16.5,13,106.6282051,51.69230769,46.79487179,2.564102564,86,44.25
5,CAT US EQUITY,2016,95400,13213,-67,38537,54390.7139,42.9752,71.4286,34.8837,33.3333,56.4912,20,16.667,81,88,61,90,@CaterpillarInc,127883,237,39611.91674,130.25,13.34,5.01,67.05054383,1.215611004,13.52631579,6.421052632,13.16666667,1104.911392,330.3164557,5.063291139,0.632911392,538,31
5,CAT US EQUITY,2017,98400,13766,754,45462,94173.8692,41.7355,71.4286,34.8837,28.0702,47.2922,#N/A N/A,21.429,91,95,66,94,@CaterpillarInc,127883,237,39611.91674,92.58,24.32,6.81,76.50765077,2.160216022,24.45833333,6.875,11.83333333,1049.007042,171.5492958,3.521126761,0,0,0
5,CAT US EQUITY,2018,104000,14080,6147,54722,73134.2157,42.9752,66.0714,34.8837,38.5965,41.1169,20,25,88,92,69,89,@CaterpillarInc,127883,237,39611.91674,100.5,28.51,5.46,56.46766169,1.575456,29.31578947,5,13,458.6410256,108.6474359,20.51282051,1.282051282,270.5,14.5
6,CMI US EQUITY,2016,55400,7174,1394,17509,22892.225,49.1736,60.7143,48.8372,38.5965,47.81,23.87,20,78,76,93,78,@Cummins,124987,405,40120.93472,22.17,12.05,5.61,34.21052632,1.503759398,9.5,3.5,3.75,1006.644444,240.1333333,62.22222222,0,0,0
6,CMI US EQUITY,2017,58600,8164,999,20428,29180.928,53.719,66.0714,52.7132,43.8596,41.3879,26.41,25,82,77,82,86,@Cummins,124987,405,40120.93472,27.5,21.47,7.51,34.54545455,1.515152,26,8.4,4.166666667,1001.48,296.82,46,2,561,77
6,CMI US EQUITY,2018,62610,8259,2141,23771,21061.664,57.8512,66.0714,60.4651,43.8596,36.7189,26.87,25,84,75,81,91,@Cummins,124987,405,40120.93472,21.5,26.33,6.37,32.17054264,3.488372,27.77777778,7.666666667,5.75,467.3768116,111.3623188,52.17391304,2.898550725,117.5,23.5
7,FLR US EQUITY,2016,61551,3242.831,281.4,19036.525,7313.8555,46.281,64.2857,46.5116,28.0702,3.3935,#N/A N/A,16.667,55,58,39,55,@FluorCorp,14123,657,40414.89061,37.67,8.72,6.13,71.46017699,1.327434,8.666666667,5.5,0,0,0,0,0,0,0
7,FLR US EQUITY,2017,56706,3492.399,191.38,19520.97,7226.7814,47.5207,69.6429,46.5116,28.0702,2.9353,#N/A N/A,15.385,50,46,36,64,@FluorCorp,14123,657,40414.89061,36.08,16.7,8.26,90.30023095,0.692840647,20.66666667,10,15.33333333,114.8913043,8.592391304,79.89130435,1.086956522,99,3
7,FLR US EQUITY,2018,53349,3118.05,224.83,19166.599,4496.8531,45.0413,69.6429,39.5349,33.3333,5.9348,24,16.667,55,45,38,69,@FluorCorp,14123,657,40414.89061,35.75,17.29,6.09,96.5034965,1.631701632,16.14285714,5.857142857,34.75,117.2997602,9.06235012,91.84652278,1.678657074,114.1428571,10.42857143
8,IR US EQUITY,2016,45000,6718.3,1476.2,13508.9,19435.8343,49.5868,69.6429,45.7364,38.5965,44.5688,22.28,33.333,92,81,83,92,@IngersollRand,7703,225,39827.76826,10.08,4,2.68,22.31404959,15.702479,3.736842105,1.947368421,8.166666667,14.87755102,6.357142857,38.7755102,25.51020408,16.56,8.8
8,IR US EQUITY,2017,46000,7206.9,1302.6,14197.6,22251.046,52.8926,69.6429,48.062,47.3684,39.6773,22.76,20,94,88,92,95,@IngersollRand,7703,225,39827.76826,8.08,3.68,2.25,13.40206186,17.525773,3.470588235,2.352941176,8.166666667,14.90816327,3.612244898,14.28571429,42.85714286,12.23809524,1.761904762
8,IR US EQUITY,2018,49000,7064.8,1337.6,15668.2,22069.0199,52.4793,64.2857,49.6124,47.3684,34.2595,23.1,33.333,94,86,80,95,@IngersollRand,7703,225,39827.76826,23.83,5.55,2.01,24.82517483,20.979021,4.85,2.066666667,20,16.98333333,2.441666667,20.41666667,35,12.76190476,1.595238095
9,JCI US EQUITY,2016,209000,25324,-868,20837,43542.5799,55.7851,71.4286,49.6124,54.386,#N/A N/A,29.235,9.091,#N/A N/A,#N/A N/A,#N/A N/A,#N/A N/A,@johnsoncontrols,25919,628,41352.57153,26.08,15.42,8.66,97.44408946,5.750799,9.666666667,4.666666667,21.83333333,128.2442748,19.01145038,99.23664122,12.59541985,95.3030303,14.24242424
9,JCI US EQUITY,2017,120000,21578,1611,30172,37388.1117,63.2231,71.4286,61.2403,59.6491,79.1386,29,10,#N/A N/A,#N/A N/A,#N/A N/A,#N/A N/A,@johnsoncontrols,25919,628,41352.57153,25.33,14.21,6.66,96.71052632,5.592105,15.05882353,8.117647059,21,116.8293651,18.57936508,63.0952381,11.50793651,101.7586207,14.34482759
9,JCI US EQUITY,2018,122000,22458,2162,23400,32375.2436,62.3967,71.4286,62.0155,54.386,100.3244,22,27.273,#N/A N/A,#N/A N/A,#N/A N/A,#N/A N/A,@johnsoncontrols,25919,628,41352.57153,30,12.82,4.46,82.22222222,3.888889,12.5,4.428571429,29.5,77.38983051,11.92655367,49.71751412,7.344632768,52.38461538,7.884615385
10,LMT US EQUITY,2016,97000,1606,5173,47290,72232.66,54.1322,71.4286,48.8372,49.1228,21.2802,23,33.333,100,96,96,100,@LockheedMartin,394664,434,39960.52366,99.58,106.74,43.45,89.37238494,0.753138075,89.55555556,44.55555556,42.33333333,1750.387795,233.484252,75.39370079,2.165354331,1247.545455,40.54545455
10,LMT US EQUITY,2017,100000,-776,1963,49960,91178.2,50,76.7857,38.7597,49.1228,20.7606,22.5,20,91,86,77,100,@LockheedMartin,394664,434,39960.52366,100.17,308.38,83.51,89.76705491,0.332778702,573.5,169.75,46,1621.335145,170.0126812,69.38405797,1.086956522,1545.333333,96.83333333
10,LMT US EQUITY,2018,105000,1449,5046,53762,73577.04,49.1736,76.7857,37.2093,49.1228,17.9474,22.6,25,96,88,88,100,@LockheedMartin,394664,434,39960.52366,124.67,126.55,36.34,66.71122995,0.534759358,46.375,14,45.83333333,896.4254545,187.6927273,56.90909091,0.909090909,236.6,39.4
11,NOC US EQUITY,2016,67000,5259,2043,24706,40717.3766,57.8512,69.6429,49.6124,64.9123,21.5091,26.9,21.429,67,46,50,67,@northropgrumman,189835,672,39673.80076,26.17,44.18,23.49,56.36942675,0.318471338,28,17,15.75,429.7566138,94.76190476,44.97354497,0.529100529,88,13
11,NOC US EQUITY,2017,70000,7132,2869,26004,53428.6173,57.0248,69.6429,48.062,64.9123,19.6591,26.6,23.077,73,73,59,77,@northropgrumman,189835,672,39673.80076,23.83,33.33,13.39,80.76923077,0.34965035,23,16,26.83333333,208.2670807,37.31677019,56.52173913,0.931677019,114.3333333,11.66666667
11,NOC US EQUITY,2018,85000,8187,3229,30095,41781.7366,59.0909,75,49.6124,64.9123,16.6017,26.5,30.769,76,84,68,80,@northropgrumman,189835,672,39673.80076,77.67,43.72,12.64,61.58798283,0.321888412,10.33333333,4,45.41666667,125.3706422,31.02568807,52.47706422,0.366972477,52,8
12,OC US EQUITY,2016,16000,3889,393,5677,5810.812,73.9669,69.6429,77.5194,70.1754,697.1904,18.71,25,100,100,77,100,@OwensCorning,17256,11,39876.64924,58.75,6.53,1.93,16.17021277,1.134751773,11.375,6.875,12.66666667,27.01973684,5.631578947,44.07894737,8.552631579,20.53846154,8.230769231
12,OC US EQUITY,2017,17000,4204,289,6384,10251.31,76.8595,75,78.2946,75.4386,608.3114,19,18.182,100,100,100,100,@OwensCorning,17256,11,39876.64924,110.17,4,0.95,18.53252648,1.966717095,6.192307692,2.461538462,13.16666667,64.03164557,8.905063291,60.75949367,6.329113924,69.3,12.3
12,OC US EQUITY,2018,20000,4324,545,7057,4815.81,72.314,75,69.7674,75.4386,619.6486,18.99,30,100,100,100,100,@OwensCorning,17256,11,39876.64924,60.17,5.77,1.44,36.4265928,4.709141274,8.029411765,2.382352941,14.41666667,65.78034682,8.884393064,62.42774566,19.65317919,51.64705882,6.617647059
15,SWK US EQUITY,2016,54023,6373.6,968,11593.5,17497.0797,34.2975,62.5,24.031,29.8246,29.2817,#N/A N/A,25,83,73,81,86,@StanleyBlkDeckr,6602,392,40235.69028,21.92,4.15,1.96,66.15969582,2.661596958,3.142857143,0.857142857,17.08333333,49.28292683,10.64390244,88.29268293,2.926829268,49.16666667,6
15,SWK US EQUITY,2017,57765,8305,1227.3,12966.6,26138.7135,24.7934,57.1429,10.8527,24.5614,#N/A N/A,#N/A N/A,27.273,86,78,86,88,@StanleyBlkDeckr,6602,392,40235.69028,19.83,8.29,2.77,70.58823529,3.361344538,4.875,1.75,15.58333333,100.5294118,16.01604278,57.7540107,6.951871658,64.30769231,7.153846154
15,SWK US EQUITY,2018,60767,7839.9,605.2,13982.4,17979.2701,23.9669,57.1429,9.3023,24.5614,#N/A N/A,#N/A N/A,25,#N/A N/A,#N/A N/A,#N/A N/A,#N/A N/A,@StanleyBlkDeckr,6602,392,40235.69028,24.67,16.68,4.19,70.94594595,2.702702703,12.625,5.375,15.25,255.5846995,45.50273224,50.27322404,7.103825137,98.84615385,8.538461538
16,GWW US EQUITY,2016,25600,1905.768,605.93,10137.204,13657.3019,42.9752,66.0714,37.2093,33.3333,12.6832,#N/A N/A,9.091,39,50,22,33,@grainger,26263,1239,40343.51684,102.83,12.14,2.8,24.79740681,0.243111831,3.333333333,1,31.08333333,2561.525469,239.7265416,32.97587131,0.268096515,4819,543
16,GWW US EQUITY,2017,24400,1828,586,10425,13307.6939,36.3636,66.0714,20.9302,42.1053,10.6143,#N/A N/A,18.182,63,63,63,50,@grainger,26263,1239,40343.51684,82.42,6.3,1.56,42.9726997,0.101112235,1,0,10.33333333,98.34677419,26.13709677,45.16129032,0.806451613,28,2
16,GWW US EQUITY,2018,24600,2093,782,11221,15773.296,36.3636,66.0714,20.9302,42.1053,9.0919,38,18.182,65,55,60,65,@grainger,26263,1239,40343.51684,34.33,4.68,0.84,25.72815534,0.485436893,4.5,1,5.583333333,72.3880597,9.373134328,64.17910448,0,0,0
17,MAN US EQUITY,2016,28000,2446.4,443.7,19654.1,5951.543,42.562,60.7143,29.4574,54.386,1.8765,65,38.461,89,84,89,89,@ManpowerGroup,10804,1067,40632.14383,0,0,0,0,0,0,0,0.333333333,735.5,30.5,100,0,0,0
17,MAN US EQUITY,2017,29000,2857.6,545.4,21034.3,8332.9962,42.1488,55.3571,31.0078,54.386,1.3728,69,35.714,88,79,79,100,@ManpowerGroup,10804,1067,40632.14383,0,0,0,0,0,0,0,15.16666667,518.8461538,40.88461538,58.79120879,0,0,0
17,MAN US EQUITY,2018,30000,2698.5,556.7,21991.2,3936.6916,49.1736,55.3571,41.8605,59.6491,2.6021,64,41.667,83,74,74,91,@ManpowerGroup,10804,1067,40632.14383,0,0,0,0,0,0,0,11.58333333,89.10071942,17.03597122,57.55395683,0,0,0
18,NLSN US EQUITY,2016,43000,4293,502,6309,14995.6825,35.124,66.0714,20.155,38.5965,#N/A N/A,50,27.273,74,74,63,84,@Nielsen,192318,1530,39686.59854,239.08,5.26,6.58,15.82432903,0.278842802,4.25,6.375,32.75,37.99745547,8.025445293,4.834605598,0.254452926,25,3
18,NLSN US EQUITY,2017,46000,4443,429,6572,12956.3971,36.3636,66.0714,20.155,43.8596,#N/A N/A,48.8,22.222,79,83,75,92,@Nielsen,192318,1530,39686.59854,159.83,5.42,5.04,42.07507821,0.46923879,5.111111111,5.111111111,26.33333333,36.55696203,5.920886076,10.75949367,1.898734177,96.66666667,10.66666667
18,NLSN US EQUITY,2018,46000,3043,-712,6515,8288.4896,30.9917,55.3571,16.2791,40.3509,#N/A N/A,48.3,20,91,87,87,100,@Nielsen,192318,1530,39686.59854,158,4.13,2.73,49.52531646,1.371308017,4.307692308,2.423076923,29.75,17.34173669,3.274509804,26.61064426,6.722689076,14.79166667,2
19,RSG US EQUITY,2016,33000,7693.7,612.6,9387.7,19362.77,33.8843,55.3571,22.4806,38.5965,1517.2939,#N/A N/A,15.385,90,77,87,90,@RepublicService,11473,2748,40553.13788,76.42,2.12,1,27.04471101,8.942202835,5.682926829,3.12195122,24.75,134.5387205,29.8047138,72.72727273,24.91582492,87.78378378,23.62162162
19,RSG US EQUITY,2017,35000,7961.1,1278.4,10041.5,22426.237,40.9091,66.0714,28.6822,43.8596,1369.0484,18,27.273,96,96,75,100,@RepublicService,11473,2748,40553.13788,90.33,2.94,0.91,24.63099631,6.734317343,8.219178082,3.04109589,30.58333333,122.2643052,24.16076294,76.02179837,23.97820163,96.92045455,20.55681818
19,RSG US EQUITY,2018,36000,7929.5,1036.9,10040.9,23249.025,42.1488,66.0714,33.3333,38.5965,1344.5607,19,33.333,85,90,75,95,@RepublicService,11473,2748,40553.13788,142.58,1.68,0.48,17.35827002,8.649912332,7.013513514,2.898648649,28.83333333,85.36127168,24.3699422,72.83236994,38.7283237,71.48507463,34.91791045
20,WM US EQUITY,2016,41200,5320,1182,13609,31151.8888,39.6694,60.7143,31.7829,36.8421,1167.0218,#N/A N/A,18.182,70,70,67,93,@WasteManagement,39426,1457,39777.94412,190.92,4.9,2.76,32.03841117,14.92797905,9.105263158,6.935672515,23.66666667,192.2183099,44.22183099,74.64788732,30.28169014,58.6744186,20.70930233
20,WM US EQUITY,2017,42300,6042,1949,14485,37395.4213,59.5041,66.0714,53.4884,66.6667,1100.0897,17,22.222,67,58,71,96,@WasteManagement,39426,1457,39777.94412,260.83,3.67,1.42,17.22044728,6.485623003,14.83743842,7.655172414,21.66666667,325.7038462,48.46538462,56.15384615,21.92307692,204.0175439,36.89473684
20,WM US EQUITY,2018,43700,6276,1925,14914,37730.2569,52.0661,66.0714,52.7132,36.8421,1107.5633,#N/A N/A,25,100,80,95,100,@WasteManagement,39426,1457,39777.94412,265.83,6.54,2.51,10.72100313,8.589341693,38.35036496,19.06569343,20.83333333,230.672,173.408,51.2,30.4,276.4078947,450.8157895
21,NKE US EQUITY,2016,70700,12258,3760,32376,92880.04,62.6794,66.0714,62.5,59.6491,6.0199,48,23.077,#N/A N/A,#N/A N/A,#N/A N/A,#N/A N/A,@Nike,7807276,117,40865.9384,632.67,17.04,7.39,22.55005269,0,0,0,0.333333333,11168.5,1101,100,0,0,0
21,NKE US EQUITY,2017,74400,12407,4240,34350,87062.57,56.9378,66.0714,53.125,54.386,9.1964,48,25,#N/A N/A,#N/A N/A,#N/A N/A,#N/A N/A,@Nike,7807276,117,40865.9384,337.67,32.6,13.81,15.32576505,0,0,0,0.583333333,24444.85714,3055.571429,85.71428571,0,0,0
21,NKE US EQUITY,2018,73100,9812,1933,36397,114951.8,56.9378,71.4286,53.125,49.1228,8.2711,49,16.667,#N/A N/A,#N/A N/A,#N/A N/A,#N/A N/A,@Nike,7807276,117,40865.9384,185.08,781.29,280.9,6.753714543,0.090049527,1,0,0.166666667,26435.5,4790.5,50,0,0,0
22,WHR US EQUITY,2016,93000,5728,888,20718,13450.98,33.0579,57.1429,26.3566,24.5614,39.8283,#N/A N/A,16.667,67,67,75,75,@WhirlpoolCorp,28241,1249,39762.64542,176.92,3.82,1.82,42.48704663,8.619877532,4.245901639,2.360655738,7.75,68.93548387,9.451612903,51.61290323,5.376344086,53.4,20.4
22,WHR US EQUITY,2017,92000,5128,350,21253,11973.44,35.5372,57.1429,31.0078,24.5614,37.091,#N/A N/A,14.286,58,58,58,75,@WhirlpoolCorp,28241,1249,39762.64542,116.83,5.35,2.16,86.80456491,5.848787447,6.12195122,2.975609756,16,207.5885417,32.38541667,62.5,6.25,70.08333333,6.666666667
22,WHR US EQUITY,2018,92000,3205,-183,21037,6839.68,45.0413,57.1429,42.6357,38.5965,35.8213,39,14.286,64,55,55,73,@WhirlpoolCorp,28241,1249,39762.64542,119.75,5.07,1.31,78.35768963,2.922755741,6.738095238,1.880952381,16.5,156.4343434,13.61616162,37.37373737,8.080808081,34.125,5.3125
24,LVS US EQUITY,2016,49000,7496,1670,11410,42460.95,42.562,62.5,39.5349,29.8246,92.3576,50.85,9.091,67,50,89,72,@LasVegasSands,4464,1611,40641.22741,14.67,7.61,5.11,43.18181818,6.25,3.454545455,2.181818182,8.416666667,201.1188119,0.792079208,22.77227723,12.87128713,409.6923077,1.230769231
24,LVS US EQUITY,2017,50500,7627,2808,12728,54827.61,42.562,62.5,39.5349,29.8246,84.3746,49.48,9.091,75,70,75,75,@LasVegasSands,4464,1611,40641.22741,15,3.83,1.56,57.22222222,3.888888889,5.285714286,2.857142857,10.91666667,9.580152672,1.435114504,21.3740458,10.6870229,10.28571429,0.428571429
24,LVS US EQUITY,2018,51500,6745,2413,13729,40338.75,40.9091,62.5,36.4341,29.8246,73.017,50,9.091,79,68,79,79,@LasVegasSands,4464,1611,40641.22741,33,4.57,1.36,75.75757576,9.090909091,3.861111111,1.638888889,24.08333333,8.539792388,1.252595156,23.52941176,13.14878893,7.868421053,0.5
25,SBUX US EQUITY,2016,254000,5890.7,2817.7,21315.9,79071.47,30.622,60.7143,16.6667,24.5614,#N/A N/A,#N/A N/A,25,#N/A N/A,#N/A N/A,#N/A N/A,#N/A N/A,@Starbucks,11375656,95970,39050.80488,2245.58,72.99,15.32,1.239470071,0,0,0,1.833333333,64921.90909,5841.863636,59.09090909,0,0,0
25,SBUX US EQUITY,2017,277000,5457,2884.7,22386.8,76891.236,38.2775,60.7143,31.25,28.0702,30.4197,#N/A N/A,28.571,#N/A N/A,#N/A N/A,#N/A N/A,#N/A N/A,@Starbucks,11375656,95970,39050.80488,2883.92,30.11,8.03,1.132718814,0.008668766,175.6666667,25.33333333,2.75,30437.0303,6254.333333,39.39393939,0,0,0
25,SBUX US EQUITY,2018,291000,1175.8,4518.3,24719.5,67332.664,35.4067,66.0714,21.875,28.0702,#N/A N/A,#N/A N/A,40,#N/A N/A,#N/A N/A,#N/A N/A,#N/A N/A,@Starbucks,11375656,95970,39050.80488,3647.58,29.83,10.61,0.354115739,0.260446414,42.05263158,5.824561404,1.666666667,9983.25,2019.9,40,0,0,0
27,BK US EQUITY,2016,52000,39580,3547,15674,49629.9814,49.1228,75,40.1786,41.6667,#N/A N/A,42,28.571,93,85,94,98,@BNYMellon,29968,473,40375.94005,105.92,4.07,2.07,49.33123525,0.472069237,3,1.833333333,12.33333333,30.35810811,5.851351351,50.67567568,2.027027027,21,3.666666667
27,BK US EQUITY,2017,52500,41746,4090,16617,54583.9861,52.6316,75,47.3214,41.6667,9.3231,42,23.077,93,87,98,96,@BNYMellon,29968,473,40375.94005,74.25,6.92,2.59,79.12457912,0.336700337,8.333333333,2.333333333,14,60.24404762,6.577380952,80.35714286,1.785714286,40,3.333333333
27,BK US EQUITY,2018,51300,40868,4266,19213,45207.2518,56.5789,80.3571,52.6786,41.6667,7.8154,41,25,89,84,98,84,@BNYMellon,29968,473,40375.94005,44.67,6.67,2.03,90.67164179,0,0,0,6.833333333,77.81707317,7.658536585,40.24390244,2.43902439,45.5,7.5
28,GS US EQUITY,2016,34400,87399,7398,37712,94015.7875,44.7368,60.7143,51.7857,16.6667,5.8754,#N/A N/A,21.429,75,63,88,67,@GoldmanSachs,728020,106,40590.74941,136.5,31.92,19.6,54.21245421,0.915750916,13.13333333,12.6,2.916666667,120.9142857,22.57142857,8.571428571,0,0,0
28,GS US EQUITY,2017,33600,84123,4286,42911,95486.2912,44.7368,60.7143,51.7857,16.6667,4.6174,#N/A N/A,18.182,77,62,83,70,@GoldmanSachs,728020,106,40590.74941,124.33,24.43,11.64,73.32439678,0.871313673,29.53846154,13.46153846,28.41666667,110.2404692,22.65102639,13.48973607,1.173020528,70.75,10.25
28,GS US EQUITY,2018,36600,90185,10459,52528,61431.2966,47.3684,60.7143,51.7857,26.6667,3.7369,39,28.571,70,56,87,58,@GoldmanSachs,728020,106,40590.74941,109.92,27.61,10.59,77.55875663,1.592115239,19.14285714,7.142857143,35.33333333,42.69339623,9.535377358,10.8490566,3.773584906,25.3125,4.6875
29,NDAQ US EQUITY,2016,4325,5430,106,2276,11180.8139,22.7273,57.1429,9.3023,19.2982,#N/A N/A,35,20,74,74,76,64,@Nasdaq,538924,7565,39818.76838,265.17,7.91,7.76,70.77309868,0.377121307,4.583333333,4.166666667,49,98.11564626,25.36394558,0.340136054,0.510204082,49.33333333,7.333333333
29,NDAQ US EQUITY,2017,4734,5880,729,2411,12864.4943,32.2314,57.1429,23.2558,28.0702,5.9556,#N/A N/A,33.333,76,68,77,72,@Nasdaq,538924,7565,39818.76838,494.25,7.68,4.9,55.11718091,0.26976901,4.1875,2.625,49.16666667,71.4,26.13220339,0.338983051,0.508474576,53,33.33333333
29,NDAQ US EQUITY,2018,4099,5449,458,2526,13472.5175,30.9917,57.1429,23.2558,22.807,5.7146,#N/A N/A,30,72,72,77,63,@Nasdaq,538924,7565,39818.76838,692,8.01,4.16,59.47736031,0.602119461,6.52,3.98,48.33333333,61.37931034,24.63965517,3.620689655,0.517241379,13.33333333,9
31,SPGI US EQUITY,2016,20000,1781,2106,5661,27852.86,45.8678,66.0714,38.7597,42.1053,6.3833,#N/A N/A,33.333,96,88,99,87,@SPGlobal,17300,886,40210.88242,86.25,1.36,1.15,57.10144928,1.835748792,1.210526316,0.578947368,6,105.2361111,24.16666667,41.66666667,4.166666667,33,3.666666667
31,SPGI US EQUITY,2017,20000,2118,1496,6063,43027.6,48.7603,66.0714,41.8605,47.3684,7.3008,36,33.333,94,89,96,98,@SPGlobal,17300,886,40210.88242,94.67,1.58,1.11,43.30985915,1.320422535,2.333333333,1,15.75,54.3015873,4.349206349,49.20634921,3.703703704,29.28571429,2.142857143
31,SPGI US EQUITY,2018,21200,2304,1958,6258,42315.06,48.7603,66.0714,41.8605,47.3684,5.2287,37,33.333,95,91,97,92,@SPGlobal,17300,886,40210.88242,58.92,2.82,1.37,71.85289958,3.253182461,2.52173913,0.869565217,30.5,27.36612022,2.860655738,65.84699454,3.005464481,19,2.363636364
32,STT US EQUITY,2016,33783,21219,2143,10635,29684.31,58.7719,67.8571,60.7143,46.6667,9.4582,46.6,27.273,82,81,87,89,@StateStreet,49798,49798,40732.89207,58.67,6.01,3.37,31.25,0.284090909,6,1.5,0,0,0,0,0,0,0
32,STT US EQUITY,2017,36643,22317,2177,11774,35886.3026,57.8947,71.4286,57.1429,46.6667,8.4818,46.23,30,85,81,95,86,@StateStreet,49798,49798,40732.89207,50.75,13.5,5.56,24.30213465,0.328407225,4,3,3.75,9.133333333,0.844444444,15.55555556,2.222222222,4,0
32,STT US EQUITY,2018,40000,24737,2599,12973,23963.2399,57.8947,71.4286,57.1429,46.6667,6.8212,51,27.273,87,81,93,89,@StateStreet,49798,49798,40732.89207,48.42,13.62,2.63,21.34251291,2.409638554,7.214285714,1.642857143,15.75,14.17989418,0.772486772,12.6984127,3.703703704,8.142857143,1
33,VOYA US EQUITY,2016,6700,13968,-327,8788,7633.7523,42.5439,62.5,38.3929,31.6667,2.7426,50.2,40,76,79,55,80,@VoyaFinancial,1,0,41709.78524,0,0,0,0,0,0,0,19.75,560.9746835,108.1603376,62.02531646,0.843881857,37,8
33,VOYA US EQUITY,2017,6300,11039,-2992,8618,8507.9828,40.3509,64.2857,33.0357,31.6667,2.2968,51,44.444,81,83,74,92,@VoyaFinancial,1,0,41709.78524,0,0,0,0,0,0,0,10.58333333,4587.133858,923.7559055,42.51968504,0,0,0
33,VOYA US EQUITY,2018,6000,8941,875,8514,6060.2643,41.6667,64.2857,33.0357,36.6667,2.0551,51,40,81,79,78,95,@VoyaFinancial,1,0,41709.78524,0,0,0,0,0,0,0,13.33333333,36.44375,13.175,42.5,0,0,0
34,APC US EQUITY,2016,4500,15497,-3071,8134,38435.176,46.473,60.7143,43.8017,39.0625,1374.5021,28,9.091,68,74,60,30,Anadarko Petroleum Corp,0,0,0,0,0,0,0,0,0,0,13.25,112.6415094,15.01886792,53.4591195,3.773584906,61.16666667,5.166666667
34,APC US EQUITY,2017,4400,13790,-456,11935,28472.112,44.8133,64.2857,38.843,39.0625,552.9954,28,18.182,62,64,66,43,Anadarko Petroleum Corp,0,0,0,0,0,0,0,0,0,0,7.666666667,115.1086957,14.65217391,53.26086957,2.173913043,32,1
34,APC US EQUITY,2018,4700,10943,615,12837,21455.296,#N/A N/A,#N/A N/A,#N/A N/A,#N/A N/A,#N/A N/A,#N/A N/A,23.077,58,58,60,42,Anadarko Petroleum Corp,0,0,0,0,0,0,0,0,0,0,7.5,80.11111111,6.811111111,62.22222222,3.333333333,26.33333333,2
35,CVX US EQUITY,2016,55200,146722,-497,103310,222630.3059,48.9627,69.6429,42.9752,42.1875,619.4947,24.2,36.364,60,51,67,46,@Chevron,359499,370,39860.84454,78.58,16.72,9.65,19.83032874,0.106044539,12,12,13.25,369.2578616,175.1823899,52.83018868,0,0,0
35,CVX US EQUITY,2017,51900,149319,9195,127485,238449.629,49.7925,69.6429,45.4545,40.625,470.6436,25,33.333,57,59,60,47,@Chevron,359499,370,39860.84454,55.83,20.81,8.2,16.71641791,0,0,0,8.333333333,403.62,139.59,38,1,90,20
35,CVX US EQUITY,2018,48600,155642,14824,158902,207009.7123,51.0373,69.6429,45.4545,45.3125,396.4708,25,36.364,62,60,58,53,@Chevron,359499,370,39860.84454,50.33,21.44,7.35,22.51655629,0.662251656,33.25,15,8.416666667,358.970297,72.06930693,65.34653465,2.97029703,145.3333333,42
36,COP US EQUITY,2016,13300,35226,-3615,23693,62036.6845,58.5062,64.2857,60.3306,50,1131.1358,27,18.182,74,68,82,65,@conocophillips,161572,217,39881.65674,23.75,7.39,4.68,87.71929825,2.105263158,6.666666667,4.5,9.75,84.82051282,11.62393162,38.46153846,4.273504274,46,10.8
36,COP US EQUITY,2017,11400,30801,-855,29106,64611.411,58.9212,64.2857,61.157,50,707.7579,26,33.333,81,83,78,74,@conocophillips,161572,217,39881.65674,25.75,9.88,3.65,90.61488673,6.148867314,7.526315789,3.105263158,9.416666667,74.3539823,12.37168142,42.47787611,10.61946903,44.58333333,3
36,COP US EQUITY,2018,10800,32064,6257,36417,70976.0739,58.9212,64.2857,61.157,50,557.432,26,33.333,87,91,91,71,@conocophillips,161572,217,39881.65674,33.83,8.58,2.6,78.07881773,4.926108374,10.1,3.3,2.5,49.33333333,10.63333333,76.66666667,3.333333333,49,11
37,HES US EQUITY,2016,2304,15591,-6132,4762,19716.2301,69.7095,69.6429,67.7686,73.4375,965.9807,27,15.385,72,70,72,58,@HessCorporation,7779,472,39969.88021,21.42,2.95,2.06,56.80933852,3.891050584,3.4,2.2,12.41666667,23.97315436,9.020134228,51.67785235,2.684563758,29,4.75
37,HES US EQUITY,2017,2075,12354,-4074,5466,14955.5951,70.9544,69.6429,70.2479,73.4375,750.0915,28,16.667,83,86,90,79,@HessCorporation,7779,472,39969.88021,11.5,5.25,2.36,81.15942029,2.173913043,3.333333333,2.333333333,8.5,63.09803922,14.16666667,50,2.941176471,30,5.333333333
37,HES US EQUITY,2018,1708,10888,-282,6323,11803.0986,69.7095,69.6429,67.7686,73.4375,616.7958,26,16.667,82,85,84,84,@HessCorporation,7779,472,39969.88021,14.83,4.42,1.43,96.06741573,5.056179775,3.333333333,1.666666667,11.16666667,28.82835821,4.223880597,59.70149254,5.223880597,27.42857143,4.428571429
40,KR US EQUITY,2016,443000,6710,1975,115337,30824.64,38.4298,60.7143,28.6822,38.5965,62.8717,51,33.333,58,51,67,60,@krogerco,1392,10,41317.80834,0.92,0.36,0,0,0,0,0,34.58333333,3781.253012,569.6409639,81.92771084,0.722891566,606.6666667,81
40,KR US EQUITY,2017,449000,6905,1907,122662,25525.8,45.8678,60.7143,38.7597,47.3684,55.6356,51,27.273,65,63,65,67,@krogerco,1392,10,41317.80834,1.92,0.17,0.09,78.26086957,0,0,0,21.91666667,4509.429658,1580.623574,41.82509506,0,0,0
40,KR US EQUITY,2018,453000,7835,3110,121162,22399.86,42.9752,60.7143,37.2093,38.5965,48.839,51,25,62,62,60,64,@krogerco,1392,10,41317.80834,4.25,0.25,0.12,100,0,0,0,18.25,1736.26484,538.0639269,19.6347032,0.913242009,2683,540
42,GIS US EQUITY,2016,39000,6152.7,1697.4,16563.1,37520.816,47.5207,66.0714,43.4109,38.5965,58.6243,#N/A N/A,23.077,#N/A N/A,#N/A N/A,#N/A N/A,#N/A N/A,@GeneralMills,95539,3454,40644.64314,173.42,8.59,5.27,34.5987506,0.288322922,2.666666667,2.333333333,0.083333333,40,7,100,0,0,0
42,GIS US EQUITY,2017,38000,5596.4,1657.5,15619.8,33067.908,52.0661,71.4286,44.9612,49.1228,60.8202,42.77,28.571,#N/A N/A,#N/A N/A,#N/A N/A,#N/A N/A,@GeneralMills,95539,3454,40644.64314,199,2.88,0.78,14.48911223,0.251256281,13,6,11.16666667,200.619403,33.13432836,73.88059701,3.731343284,204.6,20.4
42,GIS US EQUITY,2018,40000,7268.6,2131,15740.4,25289.784,50.8264,71.4286,42.6357,49.1228,55.5894,44.811,36.364,#N/A N/A,#N/A N/A,#N/A N/A,#N/A N/A,@GeneralMills,95539,3454,40644.64314,166.83,2.38,0.58,7.092907093,0.549450549,9.363636364,2.272727273,13.41666667,426.0993789,55,71.42857143,6.832298137,243.3636364,16.36363636
43,HSY US EQUITY,2016,16300,827.687,720.04,7440.181,21954.0518,45.4545,60.7143,39.5349,43.8596,40.4965,49.9,18.182,91,80,93,89,@HersheyCompany,10934,229,42158.78155,70.83,5.91,2.4,31.64705882,1.764705882,2.866666667,1.466666667,9,31.34259259,10.82407407,77.77777778,0.925925926,55,10
43,HSY US EQUITY,2017,15360,931.565,782.98,7515.426,23934.8321,45.4545,60.7143,39.5349,43.8596,39.8492,50,38.461,85,80,86,88,@HersheyCompany,10934,229,42158.78155,55,7.63,2.55,63.78787879,0.757575758,9.4,3.2,14.75,79.47457627,9.497175141,84.74576271,0,0,0
43,HSY US EQUITY,2018,14930,1407.266,1177.56,7791.069,22478.7542,52.8926,60.7143,51.1628,49.1228,39.8936,48.69,45.454,85,83,80,94,@HersheyCompany,10934,229,42158.78155,37.17,10.46,2.17,70.40358744,1.569506726,6.857142857,2.428571429,9.416666667,56.6460177,15.30973451,64.60176991,0.884955752,19,6
46,MDLZ US EQUITY,2016,90000,25215,1659,25923,67752.4444,42.1488,66.0714,39.5349,24.5614,65.5055,#N/A N/A,30.769,95,84,91,95,@MDLZ,22884,2725,41604.67664,150.25,2.12,1.05,21.02052135,0.887409872,6.625,4.6875,11,5443.143939,19.34090909,28.03030303,3.787878788,50,7.4
46,MDLZ US EQUITY,2017,83000,26074,2828,25896,63692.2244,45.8678,69.6429,44.9612,24.5614,62.992,#N/A N/A,23.077,92,90,85,93,@MDLZ,22884,2725,41604.67664,94.33,4.32,3.23,37.98586572,1.060070671,10.83333333,7.416666667,10,8014.975,38.40833333,28.33333333,15,13538.38889,17.61111111
46,MDLZ US EQUITY,2018,80000,25713,3381,25938,58083.5242,45.8678,69.6429,44.9612,24.5614,68.6722,#N/A N/A,23.077,92,94,89,91,@MDLZ,22884,2725,41604.67664,104.75,8.87,5.34,37.39061257,1.909307876,20.83333333,8.375,5.75,1015.405797,90.46376812,24.63768116,14.49275362,473.2,38
49,BAX US EQUITY,2016,48000,8280,4965,10163,23926.0804,59.5041,71.4286,61.2403,43.8596,64.1543,49.3,9.091,84,90,90,77,@baxter_intl,13343,0,39975.94221,22.5,4.58,2.35,67.40740741,1.481481481,3.25,1.25,10.75,26.34883721,4.364341085,24.03100775,5.426356589,23.71428571,3.428571429
49,BAX US EQUITY,2017,47000,9116,717,10561,35001.0955,61.9835,71.4286,65.8915,43.8596,54.2562,49.4,15.385,81,84,94,77,@baxter_intl,13343,0,39975.94221,25.58,6.78,2.8,71.00977199,2.280130293,8,4.142857143,8.416666667,37.98019802,6.554455446,29.7029703,5.940594059,46.66666667,5.333333333
49,BAX US EQUITY,2018,50000,7816,1624,11127,33765.5998,61.9835,71.4286,65.8915,43.8596,55.8102,48,16.667,92,92,95,87,@baxter_intl,13343,0,39975.94221,23.25,9.57,3.35,76.34408602,1.075268817,10.33333333,3.666666667,7.416666667,68.8988764,13.13483146,78.65168539,5.617977528,35,4
50,BDX US EQUITY,2016,50900,7633,976,12483,38334.832,47.9339,60.7143,46.5116,38.5965,18.2773,#N/A N/A,30.769,#N/A N/A,#N/A N/A,#N/A N/A,#N/A N/A,@BDandCo,7639,552,40141.96596,10,3.83,2.03,45,0.833333333,1,2,3.083333333,173.972973,34.40540541,67.56756757,5.405405405,123,18
50,BDX US EQUITY,2017,41933,12948,1100,12093,44665.3137,49.1736,60.7143,46.5116,43.8596,24.582,43,30.769,#N/A N/A,#N/A N/A,#N/A N/A,#N/A N/A,@BDandCo,7639,552,40141.96596,16,6.71,3.64,52.08333333,1.041666667,13.5,4.5,3.416666667,173.195122,39.65853659,51.2195122,7.317073171,154.6666667,22
50,BDX US EQUITY,2018,76032,20994,311,15983,70006.5133,49.1736,60.7143,46.5116,43.8596,13.7279,44,28.571,#N/A N/A,#N/A N/A,#N/A N/A,#N/A N/A,@BDandCo,7639,552,40141.96596,32.5,6.88,2.44,66.15384615,4.358974359,7,1.764705882,8.25,104.0707071,22.46464646,55.55555556,3.03030303,103.6666667,12.66666667
51,CI US EQUITY,2016,41000,13785,1867,39838,34263.7559,41.3223,71.4286,27.1318,43.8596,1.9181,71.7,27.273,#N/A N/A,#N/A N/A,#N/A N/A,#N/A N/A,@Cigna,46657,2332,39937.6585,190.25,10.76,4.63,63.73193167,0.08760403,5,2,41.66666667,510.856,93.278,32.4,0.4,10.5,1
51,CI US EQUITY,2017,46000,13760,2237,41806,49547.258,41.3223,71.4286,27.1318,43.8596,1.5536,71.5,20,#N/A N/A,#N/A N/A,#N/A N/A,#N/A N/A,@Cigna,46657,2332,39937.6585,98.08,9.27,2.97,72.21750212,0.169923534,7,1,22.41666667,114.3457249,21.74349442,10.03717472,0,0,0
51,CI US EQUITY,2018,73800,41072,2637,48650,72251.2656,45.0413,71.4286,27.1318,59.6491,1.4379,73,11.111,#N/A N/A,#N/A N/A,#N/A N/A,#N/A N/A,@Cigna,46657,2332,39937.6585,85.17,15.82,3.63,64.09001957,0.097847358,10,5,14.08333333,91.87573964,16.71597633,37.27810651,0,0,0
53,MDT US EQUITY,2016,88063,52063,3538,28833,110732.2764,38.0165,57.1429,27.1318,43.8596,16.0233,49,30.769,#N/A N/A,#N/A N/A,#N/A N/A,#N/A N/A,@Medtronic,53906,391,39995.86681,27.33,9.11,5.41,13.7195122,0.609756098,13.5,4.5,5.166666667,272.6129032,95.37096774,29.03225806,0,0,0
53,MDT US EQUITY,2017,91000,50330,4028,29710,113785.5081,39.6694,60.7143,25.5814,50.8772,16.5937,49.317,25,#N/A N/A,#N/A N/A,#N/A N/A,#N/A N/A,@Medtronic,53906,391,39995.86681,32.17,11.17,4.78,59.32642487,0,0,0,14.08333333,156.5857988,47.43786982,28.40236686,0.591715976,265,62
53,MDT US EQUITY,2018,86000,50822,3104,29953,110084.3937,39.6694,60.7143,25.5814,50.8772,9.9823,49.26,25,#N/A N/A,#N/A N/A,#N/A N/A,#N/A N/A,@Medtronic,53906,391,39995.86681,59.08,14.72,5.33,63.75176305,0,0,0,15.5,123.7634409,39.59677419,47.31182796,0,0,0
54,DGX US EQUITY,2016,43000,4660,645,7515,12590.3,36.7769,51.7857,27.1318,43.8596,#N/A N/A,70,30,93,91,81,95,@QuestDX,8687,601,40078.96284,124.08,1.41,0.75,18.67024849,0.268636669,0.75,0.75,22.91666667,41.52727273,13.16363636,35.63636364,0.727272727,30.5,9
54,DGX US EQUITY,2017,45000,4955,772,7402,13296.15,36.7769,51.7857,29.4574,38.5965,#N/A N/A,70,33.333,93,95,79,93,@QuestDX,8687,601,40078.96284,95.75,1.4,0.77,30.98346388,0.087032202,4,2,25,33.35,11.25666667,36,0.333333333,66,19
54,DGX US EQUITY,2018,46000,5267,736,7531,11241.45,33.8843,57.1429,12.4031,59.6491,#N/A N/A,71.6,40,89,89,58,89,@QuestDX,8687,601,40078.96284,102.83,1.5,0.53,28.363047,0,0,0,21.83333333,19.71374046,6.919847328,60.6870229,0.381679389,27,10
55,UNH US EQUITY,2016,#N/A N/A,38177,7017,184840,152358.08,33.4711,51.7857,27.1318,29.8246,1.0234,66,20,98,100,88,98,@UnitedHealthGrp,16990,406,41213.64813,34,9.63,3.22,32.35294118,0.245098039,5,2,0,0,0,0,0,0,0
55,UNH US EQUITY,2017,260000,49833,10558,201159,213625.74,33.8843,48.2143,29.4574,29.8246,0.8615,69,25,95,91,91,95,@UnitedHealthGrp,16990,406,41213.64813,21.83,9.28,4.07,9.541984733,0.763358779,14,5,8.166666667,44.81632653,14.55102041,17.34693878,1.020408163,52,8
55,UNH US EQUITY,2018,300000,54319,11986,226247,239155.2,36.7769,57.1429,31.0078,29.8246,0.7556,66,27.273,100,100,100,97,@UnitedHealthGrp,16990,406,41213.64813,24.75,12.12,4.35,10.43771044,0.336700337,16,1,11,54.35606061,17.09848485,6.818181818,0.757575758,31,1
57,PG US EQUITY,2016,105000,57983,10508,65299,225905.8256,40.9091,57.1429,39.5349,28.0702,77.4284,#N/A N/A,36.364,#N/A N/A,#N/A N/A,#N/A N/A,#N/A N/A,@ProcterGamble,200161,948,39899.64144,25,16.61,7.76,42.66666667,0.666666667,6.5,2.5,4.583333333,422.7454545,89.23636364,61.81818182,1.818181818,96,12
57,PG US EQUITY,2017,95000,55778,15326,65058,222519.8336,45.4545,62.5,45.7364,28.0702,75.6863,#N/A N/A,36.364,#N/A N/A,#N/A N/A,#N/A N/A,#N/A N/A,@ProcterGamble,200161,948,39899.64144,33.42,35.37,21.71,77.05735661,3.49127182,19.78571429,10.5,14.83333333,610.6348315,332.2865169,79.7752809,2.247191011,296,70.25
57,PG US EQUITY,2018,92000,52883,9750,66832,195001.1396,54.9587,66.0714,55.0388,43.8596,70.8735,39.59,30.769,#N/A N/A,#N/A N/A,#N/A N/A,#N/A N/A,@ProcterGamble,200161,948,39899.64144,31.67,22.44,8.72,85.52631579,3.157894737,33.58333333,12.33333333,15.75,477.0740741,41.83068783,76.71957672,6.878306878,1538.153846,100.3846154
58,ALL US EQUITY,2016,43050,20573,1877,37399,27127.92,49.5614,71.4286,35.7143,55,4.3015,55.9,27.273,32,37,36,26,@Allstate,84479,4955,39539.62463,155.83,5.06,3.38,50.58823529,0.053475936,14,5,30.75,51.03252033,47.38482385,8.672086721,0,0,0
58,ALL US EQUITY,2017,42460,22551,3189,39407,37172.05,50.8772,66.0714,41.0714,55,3.6799,56.3,30,49,47,36,60,@Allstate,84479,4955,39539.62463,117.58,7.5,3.13,40.75124026,0,0,0,25.25,231.4356436,66.83828383,5.280528053,0,0,0
58,ALL US EQUITY,2018,45140,21312,2252,39815,27433.16,48.2456,66.0714,41.0714,45,3.2363,#N/A N/A,30,59,58,38,62,@Allstate,84479,4955,39539.62463,115.17,3.8,1.95,1.953690304,0,0,0,16.91666667,85.91625616,67.54187192,0,0,0,0
59,HIG US EQUITY,2016,16900,16903,896,16291,17818.6771,44.7368,76.7857,41.0714,21.6667,2.5893,58.8,36.364,71,68,71,77,@TheHartford,39718,238,39840.86122,37.58,6.75,3.25,40.35476718,0.44345898,3.5,1,20.66666667,258.2943548,34.06854839,44.35483871,2.419354839,95.33333333,7.833333333
59,HIG US EQUITY,2017,16400,13494,-3131,17162,20082.6758,50.4386,75,45.5357,36.6667,2.0962,58,30.769,73,69,69,84,@TheHartford,39718,238,39840.86122,17.92,2.3,0.87,16.74418605,0,0,0,14.75,687.7514124,80.98305085,10.73446328,1.129943503,81.5,8.5
59,HIG US EQUITY,2018,18500,13101,1807,18955,15964.2612,53.0702,75,45.5357,46.6667,1.8055,60,33.333,70,70,66,78,@TheHartford,39718,238,39840.86122,31.5,7.06,1.47,24.6031746,0.264550265,11,5,8.166666667,345.9387755,41.79591837,18.36734694,3.06122449,79.66666667,9.666666667
60,LNC US EQUITY,2016,9057,14478,1192,13330,14999.2274,39.9123,55.3571,39.2857,26.6667,0.9405,#N/A N/A,18.182,53,48,59,51,@lincolnfingroup,8766,240,39983.10287,35.58,14.2,6.25,48.71194379,0,0,0,19.41666667,1415.755365,87.8583691,73.81974249,0,0,0
60,LNC US EQUITY,2017,5000,17322,2079,14257,16764.5871,43.8596,60.7143,41.9643,31.6667,0.8914,#N/A N/A,27.273,59,56,60,59,@lincolnfingroup,8766,240,39983.10287,30.5,21.95,9.46,68.85245902,0,0,0,18.75,545.84,36.53777778,76.88888889,0.444444444,13,1
60,LNC US EQUITY,2018,5000,14350,1641,16424,10562.8182,42.9825,57.1429,41.9643,31.6667,0.8105,#N/A N/A,27.273,62,51,56,70,@lincolnfingroup,8766,240,39983.10287,30.5,17.14,5.08,73.7704918,0,0,0,18,110.3425926,8.791666667,58.33333333,0.462962963,49,12
61,MET US EQUITY,2016,58000,67702,850,60787,59037.5192,45.1754,66.0714,44.6429,26.6667,2.0852,49.04,30.769,58,53,49,59,@MetLife,53477,311,40086.73632,0,0,0,0,0,0,0,11.33333333,88.57352941,76.96323529,17.64705882,0,0,0
61,MET US EQUITY,2017,49000,58870,4010,62308,52763.8293,48.2456,69.6429,46.4286,31.6667,1.9893,52.193,27.273,69,67,73,69,@MetLife,53477,311,40086.73632,295,0.22,0.07,1.073446328,0,0,0,11.83333333,57.35915493,18.16197183,21.12676056,0,0,0
61,MET US EQUITY,2018,48000,52958,5123,67941,39360.672,47.807,69.6429,42.8571,36.6667,1.6556,52.421,33.333,67,64,67,71,@MetLife,53477,311,40086.73632,2327.92,3.8,0.74,0.572758189,0.007159477,22.5,7,13.41666667,44.83229814,14.91304348,27.32919255,0.621118012,76,44
62,TRV US EQUITY,2016,30900,23221,3014,27625,34228.632,17.1053,55.3571,#N/A N/A,13.3333,#N/A N/A,#N/A N/A,23.077,55,49,53,55,@Travelers,65027,221,39778.12025,85.67,6.3,7.23,75.68093385,0.389105058,3,2.25,47.33333333,45.87676056,45.95774648,80.63380282,0.176056338,22,35
62,TRV US EQUITY,2017,30900,23731,2056,28902,36812.696,31.1404,60.7143,23.2143,18.3333,1.8992,#N/A N/A,23.077,63,49,59,68,@Travelers,65027,221,39778.12025,68.25,7.27,8.12,75.21367521,0,0,0,48.91666667,32.67972743,34.4088586,28.79045997,0,0,0
62,TRV US EQUITY,2018,30400,22894,2523,30282,31566.1,43.4211,66.0714,35.7143,36.6667,1.8318,55,25,58,44,51,63,@Travelers,65027,221,39778.12025,68.08,8.44,6.96,50.55079559,0,0,0,46.25,22.69009009,30.68648649,29.72972973,0,0,0
64,AA US EQUITY,2016,14000,7697,-400,9318,5136.7023,54.9587,66.0714,55.0388,43.8596,2753.7885,13.63,33.333,#N/A N/A,#N/A N/A,#N/A N/A,#N/A N/A,@Alcoa,26932,5268,39610.64169,34.83,7.38,3.85,61.00478469,1.913875598,7.375,3.25,11.66666667,72.75,15.02857143,89.28571429,7.142857143,47.9,7.9
64,AA US EQUITY,2017,14600,6798,217,11652,9976.7624,54.5455,69.6429,52.7132,43.8596,1967.5763,14.6,33.333,75,75,100,75,@Alcoa,26932,5268,39610.64169,8,9.93,3.72,68.75,12.5,8.75,2.5,3.916666667,143.3191489,27.61702128,89.36170213,8.510638298,119.25,11.5
64,AA US EQUITY,2018,14000,7394,227,13403,4911.1932,57.438,69.6429,55.814,49.1228,1880.1761,14.9,33.333,75,75,100,75,@Alcoa,26932,5268,39610.64169,8,9.41,3.41,76.04166667,13.54166667,7.076923077,1.846153846,4.25,63.49019608,14.54901961,88.23529412,15.68627451,42.75,6.625
65,BLL US EQUITY,2016,18450,3541,263,9061,13127.125,50.8264,62.5,46.5116,49.1228,164.867,17,18.182,100,95,74,95,@BallCorpHQ,4711,1978,39877.91902,14.92,2.42,0.96,37.4301676,9.497206704,4.294117647,2.294117647,6.083333333,64.68493151,13.83561644,36.98630137,8.219178082,71.66666667,19.16666667
65,BLL US EQUITY,2017,18300,4046,374,10983,13243.0192,56.1983,62.5,56.5891,49.1228,127.2439,16,23.077,100,100,100,100,@BallCorpHQ,4711,1978,39877.91902,25.5,4.9,1.42,33.9869281,11.4379085,5.714285714,2.085714286,17.16666667,62.46601942,8.927184466,43.68932039,13.10679612,69.74074074,14.40740741
65,BLL US EQUITY,2018,17500,3562,454,11635,15415.1697,39.2562,55.3571,34.8837,33.3333,116.4237,20,27.273,95,100,95,95,@BallCorpHQ,4711,1978,39877.91902,17.67,7.58,1.99,64.1509434,17.45283019,7.972972973,2.297297297,15.25,70.55191257,12.10382514,52.45901639,16.93989071,74.61290323,15.4516129
66,DWDP US EQUITY,2016,#N/A N/A,27229,5687,70894,#N/A N/A,#N/A N/A,#N/A N/A,#N/A N/A,#N/A N/A,#N/A N/A,#N/A N/A,#N/A N/A,#N/A N/A,#N/A N/A,#N/A N/A,#N/A N/A,@DowDuPontCo,4417,41,42528.72697,0,0,0,0,0,0,0,9.666666667,102.4827586,19.5,55.17241379,7.75862069,92.77777778,9.888888889
66,DWDP US EQUITY,2017,98000,101927,2753,79535,#N/A N/A,51.6529,64.2857,56.5891,28.0702,87.5876,#N/A N/A,18.75,#N/A N/A,#N/A N/A,#N/A N/A,#N/A N/A,@DowDuPontCo,4417,41,42528.72697,1.33,66.69,60.06,18.75,6.25,78,49,25.08333333,81.15614618,12.34883721,48.50498339,4.983388704,72.06666667,7.8
66,DWDP US EQUITY,2018,98000,96179,3844,85977,#N/A N/A,30.9917,51.7857,20.9302,33.3333,#N/A N/A,30.06,25,85,78,85,88,@DowDuPontCo,4417,41,42528.72697,3.08,28.97,12.32,0,2.702702703,62,49,4.333333333,84.34615385,22.32692308,76.92307692,0,0,0
67,ECL US EQUITY,2016,47565,6970.9,1229.6,13152.8,34204.796,59.0909,67.8571,64.3411,38.5965,53.1381,25.14,26.667,71,67,77,71,@Ecolab,15223,1242,40585.66589,37.75,4.68,3.29,54.74613687,2.649006623,4.666666667,3.916666667,11.33333333,103.7573529,34.32352941,52.94117647,5.882352941,98.25,23.375
67,ECL US EQUITY,2017,48400,7653.8,1504.6,13835.9,38818.274,57.438,67.8571,63.5659,33.3333,46.3418,24.91,30.769,77,80,81,72,@Ecolab,15223,1242,40585.66589,33.5,8.51,4.65,67.66169154,6.218905473,10.28,6.56,13.41666667,130.0621118,39.36645963,76.39751553,8.695652174,145.5,45.64285714
67,ECL US EQUITY,2018,49000,8053.6,1429.1,14668.2,42392.595,58.2645,62.5,62.7907,43.8596,45.2639,25.57,35.714,82,82,79,83,@Ecolab,15223,1242,40585.66589,29.83,13.44,4.85,63.40782123,12.01117318,27.62790698,8,15.33333333,161.951087,26.81521739,60.86956522,12.5,788.7391304,27.04347826
70,TECK US EQUITY,2016,9400,17601,1040,9300,15501.303,66.1157,78.5714,62.0155,63.1579,314.6237,14.81,14.286,95,91,95,93,@comcast,175389,750,40130.03919,1278.58,1.19,0.59,3.688978687,0.00651763,9,7,3.916666667,49.14893617,11.85106383,34.04255319,0,0,0
70,TECK US EQUITY,2017,9600,19993,2460,11910,18844.371,65.2893,78.5714,60.4651,63.1579,252.7288,17,21.429,98,96,100,98,@comcast,175389,750,40130.03919,1096.08,2.05,0.59,3.056336957,0,0,0,7.833333333,37.43617021,20.82978723,14.89361702,0,0,0
70,TECK US EQUITY,2018,10000,23018,3107,12564,16772.873,63.2231,78.5714,56.5891,63.1579,234.7182,18,25,98,98,98,98,@comcast,175389,750,40130.03919,1201,1.47,0.33,0.742436858,0.013877324,14,4.5,6,35.02777778,18.88888889,16.66666667,0,0,0
71,LBTYK US EQUITY,2016,41000,14732,1705.3,17285,27501.1603,45.0413,67.8571,34.8837,45.614,30.3732,35,9.091,96,96,90,98,@libertyglobal,5400,438,42108.43286,38.92,3.5,2.25,45.82441113,2.569593148,3.833333333,1.916666667,11.16666667,47.49253731,1.231343284,41.04477612,2.23880597,8,0
71,LBTYK US EQUITY,2017,26700,6393,-2778.1,11276.4,29213.3006,42.9752,62.5,34.8837,42.1053,38.2312,35,9.091,92,90,96,88,@libertyglobal,5400,438,42108.43286,48.58,4.3,2.01,51.11492281,1.372212693,6.25,1.75,26,26.0224359,8.064102564,33.33333333,2.564102564,7.25,0.25
71,LBTYK US EQUITY,2018,26700,4148.3,725.3,11957.9,15935.1004,44.2149,62.5,34.8837,47.3684,31.0488,35,9.091,92,94,86,94,@libertyglobal,5400,438,42108.43286,36.42,4.65,1.57,65.44622426,1.372997712,4,1.5,27,11.22222222,1.984567901,33.33333333,1.851851852,6.166666667,0.666666667
72,DIS US EQUITY,2016,195000,47323,9391,55632,148576,36.7769,60.7143,27.907,33.3333,31.9117,52.7,27.273,#N/A N/A,#N/A N/A,#N/A N/A,#N/A N/A,@WaltDisneyCo,428863,84,40841.87184,11.75,282.94,116.86,85.10638298,0,0,0,42.83333333,5552.875486,2003.780156,3.696498054,0,0,0
72,DIS US EQUITY,2017,199000,46152,8980,55137,147855,38.0165,66.0714,27.907,33.3333,34.1859,52.9,33.333,#N/A N/A,#N/A N/A,#N/A N/A,#N/A N/A,@WaltDisneyCo,428863,84,40841.87184,8.08,544.6,221.6,53.60824742,0,0,0,46.75,6827.566845,2840.365419,1.247771836,0.178253119,7628,3105
72,DIS US EQUITY,2018,201000,53955,12598,59434,175410,35.5372,55.3571,27.907,33.3333,32.3956,53.1,36.364,#N/A N/A,#N/A N/A,#N/A N/A,#N/A N/A,@WaltDisneyCo,428863,84,40841.87184,9.83,876.21,231.97,93.22033898,0.847457627,298,57,47.75,4161.568935,2237.099476,11.34380454,0.34904014,6565.5,2460
74,A US EQUITY,2016,12500,4246,462,4202,14116.68,53.719,75,48.8372,43.8596,13.9772,38,20,#N/A N/A,#N/A N/A,#N/A N/A,#N/A N/A,@Agilent,24514,67,39762.07948,25.5,2.18,1.5,56.53594771,0.653594771,2,2.5,9.416666667,5777.557522,26.84955752,95.57522124,1.769911504,4634.5,25
74,A US EQUITY,2017,13500,4835,684,4472,21905.66,53.3058,75,50.3876,38.5965,13.305,37,18.182,#N/A N/A,#N/A N/A,#N/A N/A,#N/A N/A,@Agilent,24514,67,39762.07948,26.92,3.55,1.93,68.42105263,0.309597523,2,3,9.416666667,1828.40708,30.01769912,95.57522124,0.884955752,1760,22
74,A US EQUITY,2018,14800,4571,316,4914,20603.22,50,60.7143,52.7132,33.3333,12.5902,38,20,#N/A N/A,#N/A N/A,#N/A N/A,#N/A N/A,@Agilent,24514,67,39762.07948,21.42,3.83,1.4,63.81322957,1.167315175,2.666666667,1,9.083333333,1470.018349,24.80733945,98.16513761,1.834862385,27.5,8
77,BIIB US EQUITY,2016,7400,12128.6,3702.8,11448.8,61224.922,45.4545,62.5,43.4109,33.3333,10.2259,49.2,27.273,94,94,94,94,@biogen,25191,253,40343.77794,48.17,5.98,3.14,41.00346021,3.979238754,4.47826087,2.434782609,8,40.66666667,5.760416667,30.20833333,7.291666667,2,0.142857143
77,BIIB US EQUITY,2017,7300,12598.1,2539.1,12273.9,67377.555,45.0413,66.0714,41.0853,33.3333,8.4137,49.6,27.273,94,100,94,94,@biogen,25191,253,40343.77794,41.58,11.88,4.86,45.69138277,1.20240481,8.5,3.5,8.583333333,25.40776699,6.097087379,34.95145631,1.941747573,4.5,0
77,BIIB US EQUITY,2018,7800,13031.6,4430.7,13452.9,59341.424,45.0413,66.0714,41.0853,33.3333,8.0741,50.6,27.273,100,100,94,100,@biogen,25191,253,40343.77794,48.33,15.35,5.16,66.89655172,0.689655172,14.5,4,15.08333333,32.6519337,10.98895028,58.56353591,0,0,0
78,BMY US EQUITY,2016,25000,16347,4457,19427,97244.16,43.3884,66.0714,37.9845,33.3333,20.2811,#N/A N/A,18.182,82,82,75,84,@bmsnews,131247,1116,39924.81368,141.67,24.4,13,63.94117647,0.470588235,5.375,2.5,13.83333333,316.5481928,62.58433735,53.01204819,1.204819277,90,13.5
78,BMY US EQUITY,2017,23700,11847,1007,20776,99580,44.6281,71.4286,37.9845,33.3333,18.0208,#N/A N/A,10,79,77,77,72,@bmsnews,131247,1116,39924.81368,97.58,44.99,17.55,73.35610589,0.170794193,19,9.5,22.75,879.007326,70.5970696,58.60805861,0,0,0
78,BMY US EQUITY,2018,23300,14127,4920,22561,84415.52,40.0826,71.4286,31.7829,28.0702,16.4886,#N/A N/A,18.182,76,78,76,71,@bmsnews,131247,1116,39924.81368,53.67,34.89,10.11,82.14285714,0.155279503,4,0,17.66666667,536.3066038,56.02830189,53.77358491,0,0,0
79,JNJ US EQUITY,2016,126400,70418,16540,71890,311817.1323,58.2645,66.0714,61.2403,43.8596,16.1063,46,20,59,59,73,39,@JNJCares,102337,1200,40298.81818,86.67,4.04,2.69,17.5,0.192307692,14,11.5,15,517.05,120.8777778,12.77777778,0.555555556,127,14
79,JNJ US EQUITY,2017,134000,60160,1300,76450,374802.393,58.6777,66.0714,62.0155,43.8596,14.7049,46.5,20,49,49,63,37,@JNJCares,102337,1200,40298.81818,100.58,6.69,2.22,52.27837614,0,0,0,27.83333333,587.3622754,141.5479042,1.497005988,0.598802395,490,215
79,JNJ US EQUITY,2018,135100,59752,15297,81581,338833.9755,61.9835,66.0714,62.0155,57.8947,13.7946,47.05,27.273,#N/A N/A,#N/A N/A,#N/A N/A,#N/A N/A,@JNJCares,102337,1200,40298.81818,111.67,5.45,1.69,57.76119403,0.746268657,3.2,1.1,29.66666667,165.7752809,100.2668539,3.651685393,1.123595506,188.25,37.75
80,CBRE US EQUITY,2016,75000,3057.245,571.97,13071.589,10620.9298,47.9339,62.5,38.7597,54.386,7.1217,33.63,20,71,57,73,82,@CBRE,129319,738,39926.73907,34.5,18.46,20.43,77.0531401,0.724637681,29.66666667,26.66666667,26.41666667,117.3217666,9.627760252,51.41955836,1.261829653,77,9.25
80,CBRE US EQUITY,2017,80000,4174.614,697.11,18628.787,14701.9753,49.5868,67.8571,37.9845,57.8947,3.8149,33.63,25,66,73,53,85,@CBRE,129319,738,39926.73907,25.75,16.99,18.41,87.37864078,0.323624595,9,14,22.08333333,59.56981132,7.716981132,41.88679245,1.509433962,46.75,5.5
80,CBRE US EQUITY,2018,90000,5009.902,1063.22,21340.088,13489.9878,47.9339,67.8571,32.5581,63.1579,3.304,33.7,27.273,78,63,78,94,@CBRE,129319,738,39926.73907,21.08,26.38,20.66,81.02766798,1.581027668,43.75,36,18.08333333,57.11520737,5.543778802,52.53456221,0.460829493,157,14
83,JLL US EQUITY,2016,77000,2821.5,318.2,6803.8,4568.4056,46.6942,62.5,37.9845,50.8772,4.317,35,36.364,75,62,74,92,@JLL,76251,1059,39893.90934,243.5,3.82,4.06,71.73169062,3.18275154,3.88172043,3.322580645,17.75,8.596244131,1.009389671,93.42723005,8.920187793,6,0.578947368
83,JLL US EQUITY,2017,82000,3382,276.4,14453.2,6757.5226,47.9339,66.0714,37.9845,52.6316,1.9806,36,40,77,65,73,93,@JLL,76251,1059,39893.90934,172.67,3.97,2.83,90.3957529,1.158301158,5.25,4.541666667,19.25,26.56709957,2.034632035,81.38528139,0.865800866,14.5,1
83,JLL US EQUITY,2018,90000,3734.5,484.5,16318.4,5772.8863,54.1322,66.0714,45.7364,61.4035,3.9557,35,40,70,70,66,79,@JLL,76251,1059,39893.90934,114.92,5.67,2.57,89.7026831,1.087744743,7.066666667,2.866666667,20.66666667,3.629032258,0.524193548,94.35483871,2.016129032,2.2,0
84,KIM US EQUITY,2016,551,5489.827,378.85,1170.792,10693.8583,49.1736,62.5,48.062,38.5965,45.7417,65,12.5,74,73,71,79,@kimcorealty,7371,924,40249.63172,17.83,1.08,0.66,4.205607477,2.803738318,0.5,0.5,6.416666667,9.428571429,1.584415584,12.98701299,3.896103896,1.666666667,0
84,KIM US EQUITY,2017,546,5538.29,426.08,1200.834,7725.4818,52.8926,67.8571,52.7132,38.5965,37.3018,65,22.222,80,72,84,76,@kimcorealty,7371,924,40249.63172,14.67,1.7,0.6,14.20454545,0.568181818,1,0,7.916666667,11.51578947,2.715789474,18.94736842,3.157894737,10.33333333,2
84,KIM US EQUITY,2018,533,5434.735,497.8,1164.762,6173.3471,52.8926,67.8571,52.7132,38.5965,33.5157,64.03,30,82,78,77,83,@kimcorealty,7371,924,40249.63172,11.75,2.43,0.82,38.29787234,2.836879433,2.25,1,9.166666667,11.96363636,3.263636364,37.27272727,3.636363636,8.25,2.5
85,PLD US EQUITY,2016,1530,18458.14,1209.93,2533.135,27908.5421,41.3223,62.5,33.3333,38.5965,2.6011,50,20,72,69,72,71,@Prologis,10274,1356,40203.68889,64.83,1.98,1.49,67.99485861,5.912596401,2.847826087,1.913043478,2.666666667,12.59375,1.8125,59.375,25,9.5,1.125
85,PLD US EQUITY,2017,1565,18705.741,1652.33,2618.134,34331.3189,42.562,66.0714,36.4341,33.3333,2.4082,50.934,10,73,65,75,64,@Prologis,10274,1356,40203.68889,50.08,5.04,2.47,82.52911814,8.652246256,6.134615385,2.346153846,2.333333333,26.39285714,4.214285714,82.14285714,10.71428571,23.33333333,2
85,PLD US EQUITY,2018,1617,25800.888,1649.36,2804.449,36971.0515,42.562,66.0714,36.4341,33.3333,2.1256,51.87,16.667,84,78,87,78,@Prologis,10274,1356,40203.68889,33.33,9.45,3.91,89.25,15.75,10.12698413,3.492063492,1.25,31.6,2.533333333,93.33333333,6.666666667,28,0
87,WELL US EQUITY,2016,466,15679.905,1077.8,4281.16,26000.7772,46.6942,62.5,43.4109,38.5965,40.6532,46.38,20,63,65,58,74,@Welltower,791,134,42261.77356,6.42,6.96,2.52,45.45454545,9.090909091,4,1.857142857,0,0,0,0,0,0,0
87,WELL US EQUITY,2017,392,15300.646,522.77,4316.641,24621.6997,51.6529,75,44.9612,43.8596,41.5805,49.53,18.182,74,71,71,83,@Welltower,791,134,42261.77356,1.25,2.33,1.6,46.66666667,6.666666667,1,2,0,0,0,0,0,0,0
87,WELL US EQUITY,2018,384,16010.645,804.95,4700.499,27628.2735,52.4793,75,44.186,49.1228,28.6363,49.74,33.333,87,87,84,86,@Welltower,791,134,42261.77356,1.58,11.37,3.58,73.68421053,5.263157895,6,1,1.166666667,2.714285714,0.714285714,42.85714286,7.142857143,2,0
88,WY US EQUITY,2016,10400,9180,1027,6365,22523.2115,56.6116,62.5,55.814,52.6316,201.0998,17,23.077,84,84,78,88,@Weyerhaeuser,4587,848,40801.85346,13.25,5.48,3.43,62.26415094,12.57861635,6.7,5.05,6.083333333,38.7260274,17.42465753,17.80821918,12.32876712,44.88888889,9.555555556
88,WY US EQUITY,2017,9300,8899,582,7196,26629.1534,58.2645,69.6429,55.814,52.6316,184.8249,17,27.273,81,83,74,84,@Weyerhaeuser,4587,848,40801.85346,4.33,9.31,3.25,59.61538462,1.923076923,33,17,2.75,69.21212121,11.15151515,36.36363636,6.060606061,96,12
88,WY US EQUITY,2018,9300,9046,748,7476,16316.1058,59.5041,69.6429,55.814,57.8947,151.1503,17,27.273,72,73,67,84,@Weyerhaeuser,4587,848,40801.85346,5.33,11.52,3.72,64.0625,7.8125,20.6,9.8,3.5,57.0952381,14.16666667,40.47619048,4.761904762,117,32
89,BBY US EQUITY,2016,125000,4709,1228,39403,13523.8648,52.1531,66.0714,55.2083,33.3333,13.9295,27,40,86,79,94,89,@BestBuy,901502,87,39771.01616,414.67,15.74,5.56,9.586012862,0.100482315,161.6,31.6,11.16666667,238.9179104,47.84328358,32.08955224,0,0,0
89,BBY US EQUITY,2017,125000,3612,1000,42151,20160.0651,54.067,66.0714,53.125,43.8596,11.8942,26,40,91,81,97,91,@BestBuy,901502,87,39771.01616,672.17,8.08,2.53,6.29804116,0.024795438,0,0,29.83333333,268.3882682,33.79608939,19.27374302,0,0,0
89,BBY US EQUITY,2018,125000,3306,1464,42879,15535.6544,52.6316,71.4286,53.125,33.3333,11.6783,26,50,89,80,89,90,@BestBuy,901502,87,39771.01616,776.75,11.2,2.58,4.409398133,0.064370776,2.166666667,1.166666667,25.91666667,180.4019293,25.55305466,31.18971061,0,0,0
